{
  "meta": {
    "generated_at": "2026-06-03T03:17:08",
    "num_buckets": 5,
    "total_games": 1359
  },
  "overall": {
    "x": [
      0.549,
      0.657,
      0.744,
      0.85,
      0.943
    ],
    "y": [
      0.6017316017316018,
      0.6151761517615176,
      0.6164383561643836,
      0.6536312849162011,
      0.6837209302325581
    ]
  },
  "ats": {
    "x": [
      0.549,
      0.657,
      0.744,
      0.85,
      0.943
    ],
    "y": [
      0.5682819383259912,
      0.5248618784530387,
      0.5971223021582733,
      0.5028248587570622,
      0.517814726840855
    ]
  },
  "ou": {
    "x": [
      0.549,
      0.657,
      0.744,
      0.85,
      0.943
    ],
    "y": [
      0.5526315789473685,
      0.5449591280653951,
      0.5793103448275863,
      0.5027932960893855,
      0.5268065268065268
    ]
  },
  "ml": {
    "x": [
      0.549,
      0.657,
      0.744,
      0.85,
      0.943
    ],
    "y": [
      0.6017316017316018,
      0.6151761517615176,
      0.6164383561643836,
      0.6536312849162011,
      0.6837209302325581
    ]
  }
}