{
  "meta": {
    "generated_at": "2026-06-14T23:50:02",
    "total_games": 3465,
    "sport": "mlb"
  },
  "ats": {
    "x": [
      0.521,
      0.569,
      0.618,
      0.668,
      0.716,
      0.767,
      0.82
    ],
    "y": [
      0.6172291296625222,
      0.6235662148070907,
      0.6015384615384616,
      0.5244215938303342,
      0.5023041474654378,
      0.5230769230769231,
      0.5555555555555556
    ]
  },
  "ou": {
    "x": [
      0.521,
      0.566,
      0.616,
      0.666,
      0.715
    ],
    "y": [
      0.5135135135135135,
      0.5088207985143919,
      0.5523560209424084,
      0.37593984962406013,
      0.5333333333333333
    ]
  },
  "ml": {
    "x": [
      0.519,
      0.564,
      0.617,
      0.674,
      0.719,
      0.768,
      0.819
    ],
    "y": [
      0.5107003891050583,
      0.5225130890052356,
      0.5370138017565872,
      0.5906593406593407,
      0.6717171717171717,
      0.7049180327868853,
      0.6818181818181818
    ]
  }
}