{
  "meta": {
    "generated_at": "2026-07-08T23:11:43",
    "total_games": 2641,
    "sport": "nba"
  },
  "ats": {
    "x": [
      0.543,
      0.576,
      0.624,
      0.675,
      0.725,
      0.777,
      0.825,
      0.873,
      0.9
    ],
    "y": [
      0.43478260869565216,
      0.45614035087719296,
      0.5265486725663717,
      0.46218487394957986,
      0.5598086124401914,
      0.481981981981982,
      0.5746606334841629,
      0.5485714285714286,
      0.5680212014134276
    ]
  },
  "ou": {
    "x": [
      0.524,
      0.576,
      0.624,
      0.675,
      0.725,
      0.774,
      0.825,
      0.873,
      0.919
    ],
    "y": [
      0.5278688524590164,
      0.521875,
      0.5376712328767124,
      0.4838709677419355,
      0.5076335877862596,
      0.5175438596491229,
      0.4713656387665198,
      0.48148148148148145,
      0.5163398692810458
    ]
  },
  "ml": {
    "x": [
      0.532,
      0.574,
      0.623,
      0.673,
      0.724,
      0.773,
      0.824,
      0.873,
      0.919
    ],
    "y": [
      0.5448113207547169,
      0.6303972366148531,
      0.6594360086767896,
      0.708092485549133,
      0.776255707762557,
      0.7428571428571429,
      0.7851239669421488,
      0.8041237113402062,
      0.9178082191780822
    ]
  }
}