{
  "meta": {
    "generated_at": "2026-06-14T23:50:02",
    "total_games": 1359,
    "sport": "nfl"
  },
  "ats": {
    "x": [
      0.53,
      0.575,
      0.62,
      0.671,
      0.721,
      0.77,
      0.82,
      0.871,
      0.914,
      0.95
    ],
    "y": [
      0.5833333333333334,
      0.5454545454545454,
      0.46875,
      0.5287356321839081,
      0.5275590551181102,
      0.5655737704918032,
      0.5480769230769231,
      0.49295774647887325,
      0.5384615384615384,
      0.5020746887966805
    ]
  },
  "ou": {
    "x": [
      0.53,
      0.575,
      0.62,
      0.671,
      0.721,
      0.77,
      0.82,
      0.871,
      0.914,
      0.95
    ],
    "y": [
      0.6666666666666666,
      0.4117647058823529,
      0.5,
      0.5454545454545454,
      0.5038167938931297,
      0.608,
      0.5233644859813084,
      0.4791666666666667,
      0.5447761194029851,
      0.524390243902439
    ]
  },
  "ml": {
    "x": [
      0.53,
      0.575,
      0.62,
      0.671,
      0.721,
      0.77,
      0.82,
      0.871,
      0.914,
      0.95
    ],
    "y": [
      0.2916666666666667,
      0.5294117647058824,
      0.3582089552238806,
      0.5222222222222223,
      0.6030534351145038,
      0.5396825396825397,
      0.6635514018691588,
      0.6458333333333334,
      0.7555555555555555,
      0.6498993963782697
    ]
  }
}