{
  "meta": {
    "total_games": 570,
    "generated_at": "2026-07-07",
    "sport": "nfl"
  },
  "ats": {
    "x": [
      0.52,
      0.578,
      0.626,
      0.672,
      0.726,
      0.773,
      0.825,
      0.876,
      0.922,
      0.969
    ],
    "y": [
      0.5106382978723404,
      0.5,
      0.42,
      0.5576923076923077,
      0.6415094339622641,
      0.5666666666666667,
      0.5671641791044776,
      0.524390243902439,
      0.582089552238806,
      0.34
    ]
  },
  "ou": {
    "x": [
      0.52,
      0.578,
      0.626,
      0.672,
      0.726,
      0.773,
      0.825,
      0.876,
      0.922,
      0.969
    ],
    "y": [
      0.5319148936170213,
      0.5,
      0.48,
      0.46153846153846156,
      0.5283018867924528,
      0.38333333333333336,
      0.5522388059701493,
      0.6097560975609756,
      0.5671641791044776,
      0.62
    ]
  },
  "ml": {
    "x": [
      0.52,
      0.578,
      0.626,
      0.672,
      0.726,
      0.773,
      0.825,
      0.876,
      0.922,
      0.969
    ],
    "y": [
      0.46808510638297873,
      0.47619047619047616,
      0.58,
      0.5,
      0.5849056603773585,
      0.5333333333333333,
      0.5671641791044776,
      0.5609756097560976,
      0.5223880597014925,
      0.48
    ]
  }
}