{
  "meta": {
    "generated_at": "2026-07-13T14:31:32",
    "total_games": 570,
    "sport": "nfl"
  },
  "ats": {
    "x": [
      0.528,
      0.574,
      0.622,
      0.674,
      0.724,
      0.78,
      0.823,
      0.9
    ],
    "y": [
      0.4896551724137931,
      0.5,
      0.6197183098591549,
      0.4727272727272727,
      0.43243243243243246,
      0.375,
      0.6363636363636364,
      0.5918367346938775
    ]
  },
  "ou": {
    "x": [
      0.528,
      0.574,
      0.622,
      0.674,
      0.724,
      0.78,
      0.823,
      0.9
    ],
    "y": [
      0.5793103448275863,
      0.48,
      0.43661971830985913,
      0.5272727272727272,
      0.4594594594594595,
      0.5416666666666666,
      0.5909090909090909,
      0.5510204081632653
    ]
  },
  "ml": {
    "x": [
      0.528,
      0.574,
      0.622,
      0.674,
      0.724,
      0.78,
      0.823,
      0.9
    ],
    "y": [
      0.503448275862069,
      0.51,
      0.5492957746478874,
      0.45454545454545453,
      0.5945945945945946,
      0.5,
      0.45454545454545453,
      0.6326530612244898
    ]
  }
}